id,unit_number,unit_size,unit_balcony_size,unit_current_price,unit_construction_year,unit_scan_date,unit_status_id,project_id,unit_category_id,unit_type_id,unit_url,unit_rooms,unit_floor,sqrm_price
1,1,44.8,4.3,102000,2021,2021-03-05,1,1,1,1,,2,1,2276.79
2,2,45.1,4.7,0,2021,2021-03-05,2,1,1,1,,2,1,0
3,3,63.5,8.9,138000,2021,2021-03-05,1,1,1,1,,3,1,2173.23
4,4,63.7,8.9,138000,2021,2021-03-05,1,1,1,1,,3,1,2166.41
5,5,45,4.7,102000,2021,2021-03-05,1,1,1,1,,2,1,2266.67
6,6,56.5,4.3,0,2021,2021-03-05,2,1,1,1,,3,1,0
7,7,49,4.3,0,2021,2021-03-05,1,1,1,1,,2,2,0
8,8,45.1,4.7,0,2021,2021-03-05,1,1,1,1,,2,2,0
9,9,63.5,8.9,0,2021,2021-03-05,1,1,1,1,,3,2,0
10,10,63.7,8.9,140000,2021,2021-03-05,1,1,1,1,,3,2,2197.8
11,11,45,4.7,103000,2021,2021-03-05,1,1,1,1,,2,2,2288.89
12,12,52.5,4.3,0,2021,2021-03-05,1,1,1,1,,3,2,0
13,13,49,4.3,112000,2021,2021-03-05,1,1,1,1,,2,3,2285.71
14,14,45.1,4.7,105000,2021,2021-03-05,1,1,1,1,,2,3,2328.16
15,15,63.5,8.9,143000,2021,2021-03-05,1,1,1,1,,3,3,2251.97
16,16,63.7,8.9,143000,2021,2021-03-05,1,1,1,1,,3,3,2244.9
17,17,45,4.7,105000,2021,2021-03-05,1,1,1,1,,2,3,2333.33
18,18,52.5,4.3,123000,2021,2021-03-05,1,1,1,1,,3,3,2342.86
19,19,49,4.3,0,2021,2021-03-05,3,1,1,1,,2,4,0
20,20,45.1,4.7,0,2021,2021-03-05,2,1,1,1,,2,4,0
21,21,63.5,8.9,143000,2021,2021-03-05,1,1,1,1,,3,4,2251.97
22,22,63.7,8.9,143000,2021,2021-03-05,1,1,1,1,,3,4,2244.9
23,23,45,4.7,0,2021,2021-03-05,2,1,1,1,,2,4,0
24,24,52.5,4.3,123000,2021,2021-03-05,1,1,1,1,,3,4,2342.86
25,25,49.3,4.3,112000,2021,2021-03-05,1,1,1,1,,2,5,2271.81
26,26,45.4,4.7,0,2021,2021-03-05,2,1,1,1,,2,5,0
27,27,64,8.9,143000,2021,2021-03-05,1,1,1,1,,3,5,2234.38
28,28,64.2,8.9,143000,2021,2021-03-05,1,1,1,1,,3,5,2227.41
29,29,45.4,4.7,0,2021,2021-03-05,2,1,1,1,,2,5,0
30,30,53,4.3,123000,2021,2021-03-05,1,1,1,1,,3,5,2320.75
31,31,49.3,4.3,113000,2021,2021-03-05,1,1,1,1,,2,6,2292.09
32,32,45.4,4.7,106000,2021,2021-03-05,1,1,1,1,,2,6,2334.8
33,33,64,8.9,144000,2021,2021-03-05,1,1,1,1,,3,6,2250
34,34,64.2,8.9,144000,2021,2021-03-05,1,1,1,1,,3,6,2242.99
35,35,45.4,4.7,0,2021,2021-03-05,3,1,1,1,,2,6,0
36,36,53,4.3,124000,2021,2021-03-05,1,1,1,1,,3,6,2339.62
37,37,49.3,4.3,0,2021,2021-03-05,3,1,1,1,,2,7,0
38,38,45.4,4.7,106000,2021,2021-03-05,1,1,1,1,,2,7,2334.8
39,39,64,8.9,144000,2021,2021-03-05,1,1,1,1,,3,7,2250
40,40,64.2,8.9,144000,2021,2021-03-05,1,1,1,1,,3,7,2242.99
41,41,45.4,4.7,106000,2021,2021-03-05,1,1,1,1,,2,7,2334.8
42,42,53,4.3,124000,2021,2021-03-05,1,1,1,1,,3,7,2339.62
43,43,49.3,4.3,115000,2021,2021-03-05,1,1,1,1,,2,8,2332.66
44,44,45.4,4.7,107000,2021,2021-03-05,1,1,1,1,,2,8,2356.83
45,45,64,8.9,145000,2021,2021-03-05,1,1,1,1,,3,8,2265.63
46,46,64.2,8.9,145000,2021,2021-03-05,1,1,1,1,,3,8,2258.57
47,47,45.4,4.7,107000,2021,2021-03-05,1,1,1,1,,2,8,2356.83
48,48,53,4.3,125000,2021,2021-03-05,1,1,1,1,,3,8,2358.49
49,49,49.3,4.3,115000,2021,2021-03-05,1,1,1,1,,2,9,2332.66
50,50,45.4,4.7,107000,2021,2021-03-05,1,1,1,1,,2,9,2356.83
51,51,64,8.9,145000,2021,2021-03-05,1,1,1,1,,3,9,2265.63
52,52,64.2,8.9,145000,2021,2021-03-05,1,1,1,1,,3,9,2258.57
53,53,45.4,4.7,107000,2021,2021-03-05,1,1,1,1,,2,9,2356.83
54,54,53,4.3,0,2021,2021-03-05,2,1,1,1,,3,9,0
55,55,49.3,4.3,0,2021,2021-03-05,3,1,1,1,,2,10,0
56,56,45.4,4.7,107000,2021,2021-03-05,1,1,1,1,,2,10,2356.83
57,57,64,8.9,145000,2021,2021-03-05,1,1,1,1,,3,10,2265.63
58,58,64.2,8.9,145000,2021,2021-03-05,1,1,1,1,,3,10,2258.57
59,59,45.4,4.7,107000,2021,2021-03-05,1,1,1,1,,2,10,2356.83
60,60,53,4.3,125000,2021,2021-03-05,1,1,1,1,,3,10,2358.49
61,61,49.3,4.3,0,2021,2021-03-05,3,1,1,1,,2,11,0
62,62,45.4,4.7,108000,2021,2021-03-05,1,1,1,1,,2,11,2378.85
63,63,64,8.9,0,2021,2021-03-05,3,1,1,1,,3,11,0
64,64,64.2,8.9,146000,2021,2021-03-05,1,1,1,1,,3,11,2274.14
65,65,45.4,4.7,108000,2021,2021-03-05,1,1,1,1,,2,11,2378.85
66,66,53,4.3,126000,2021,2021-03-05,1,1,1,1,,3,11,2377.36
67,67,49.3,4.3,0,2021,2021-03-05,3,1,1,1,,2,12,0
68,68,45.4,4.7,108000,2021,2021-03-05,1,1,1,1,,2,12,2378.85
69,69,64,8.9,0,2021,2021-03-05,3,1,1,1,,3,12,0
70,70,64.2,8.9,146000,2021,2021-03-05,1,1,1,1,,3,12,2274.14
71,71,45.4,4.7,108000,2021,2021-03-05,1,1,1,1,,2,12,2378.85
72,72,53,4.3,0,2021,2021-03-05,3,1,1,1,,3,12,0
73,Korter 1,44.3,5.5,0,2020,2021-03-05,2,2,1,1,https://kaamos.ee/hobemetsa/prices/kadaka-tee-191a/korter-1/,2,4,0
74,Korter 2,66.3,4.9,170900,2020,2021-03-05,1,2,1,1,https://kaamos.ee/hobemetsa/prices/kadaka-tee-191a/korter-2/,3,4,2577.68
75,Korter 3,84.3,4.3,199900,2020,2021-03-05,1,2,1,1,https://kaamos.ee/hobemetsa/prices/kadaka-tee-191a/korter-3/,4,4,2371.29
76,Korter 4,47.6,4.3,126900,2020,2021-03-05,1,2,1,1,https://kaamos.ee/hobemetsa/prices/kadaka-tee-191a/korter-4/,2,4,2665.97
77,Korter 5,90.7,30.3,231900,2020,2021-03-05,1,2,1,1,https://kaamos.ee/hobemetsa/prices/kadaka-tee-191a/korter-5/,4,4,2556.78
78,Korter 6,82.9,32.3,218900,2020,2021-03-05,1,2,1,1,https://kaamos.ee/hobemetsa/prices/kadaka-tee-191a/korter-6/,4,4,2640.53
79,Korter 7,65.1,4.9,167900,2020,2021-03-05,1,2,1,1,https://kaamos.ee/hobemetsa/prices/kadaka-tee-191a/korter-7/,3,4,2579.11
80,Korter 8,45.7,4.9,0,2020,2021-03-05,2,2,1,1,https://kaamos.ee/hobemetsa/prices/kadaka-tee-191a/korter-8/,2,4,0
81,Korter 9,44.3,5.5,0,2020,2021-03-05,2,2,1,1,https://kaamos.ee/hobemetsa/prices/kadaka-tee-191a/korter-9/,2,5,0
82,Korter 10,66.3,4.9,173900,2020,2021-03-05,1,2,1,1,https://kaamos.ee/hobemetsa/prices/kadaka-tee-191a/korter-10/,3,5,2622.93
83,Korter 11,84.3,4.3,202900,2020,2021-03-05,1,2,1,1,https://kaamos.ee/hobemetsa/prices/kadaka-tee-191a/korter-11/,4,5,2406.88
84,Korter 12,47.6,4.3,128900,2020,2021-03-05,1,2,1,1,https://kaamos.ee/hobemetsa/prices/kadaka-tee-191a/korter-12/,2,5,2707.98
85,Korter 13,90.7,4.6,215900,2020,2021-03-05,1,2,1,1,https://kaamos.ee/hobemetsa/prices/kadaka-tee-191a/korter-13/,4,5,2380.37
86,Korter 14,82.6,4.9,201900,2020,2021-03-05,1,2,1,1,https://kaamos.ee/hobemetsa/prices/kadaka-tee-191a/korter-14/,4,5,2444.31
87,Korter 15,65.1,4.9,170900,2020,2021-03-05,1,2,1,1,https://kaamos.ee/hobemetsa/prices/kadaka-tee-191a/korter-15/,3,5,2625.19
88,Korter 16,45.7,4.9,0,2020,2021-03-05,2,2,1,1,https://kaamos.ee/hobemetsa/prices/kadaka-tee-191a/korter-16/,2,5,0
89,Korter 17,44.3,5.5,0,2020,2021-03-05,2,2,1,1,https://kaamos.ee/hobemetsa/prices/kadaka-tee-191a/korter-17/,2,6,0
90,Korter 18,66.3,4.9,176900,2020,2021-03-05,1,2,1,1,https://kaamos.ee/hobemetsa/prices/kadaka-tee-191a/korter-18/,3,6,2668.17
91,Korter 19,84.3,4.3,205900,2020,2021-03-05,1,2,1,1,https://kaamos.ee/hobemetsa/prices/kadaka-tee-191a/korter-19/,4,6,2442.47
92,Korter 20,45.1,4.3,126900,2020,2021-03-05,1,2,1,1,https://kaamos.ee/hobemetsa/prices/kadaka-tee-191a/korter-20/,2,6,2813.75
93,Korter 21,46.4,4.4,0,2020,2021-03-05,2,2,1,1,https://kaamos.ee/hobemetsa/prices/kadaka-tee-191a/korter-21/,2,6,0
94,Korter 22,45.9,4.5,0,2020,2021-03-05,2,2,1,1,https://kaamos.ee/hobemetsa/prices/kadaka-tee-191a/korter-22/,2,6,0
95,Korter 23,82.6,4.3,204900,2020,2021-03-05,1,2,1,1,https://kaamos.ee/hobemetsa/prices/kadaka-tee-191a/korter-23/,4,6,2480.63
96,Korter 24,65.1,4.9,173900,2020,2021-03-05,1,2,1,1,https://kaamos.ee/hobemetsa/prices/kadaka-tee-191a/korter-24/,3,6,2671.27
97,Korter 25,45.7,4.9,0,2020,2021-03-05,3,2,1,1,#,2,6,0
98,Korter 26,44.3,5.5,0,2020,2021-03-05,2,2,1,1,https://kaamos.ee/hobemetsa/prices/kadaka-tee-191a/korter-26/,2,7,0
99,Korter 27,66.3,4.9,179900,2020,2021-03-05,1,2,1,1,https://kaamos.ee/hobemetsa/prices/kadaka-tee-191a/korter-27/,3,7,2713.42
100,Korter 28,84.3,4.3,208900,2020,2021-03-05,1,2,1,1,https://kaamos.ee/hobemetsa/prices/kadaka-tee-191a/korter-28/,4,7,2478.05
101,Korter 29,45.1,4.3,0,2020,2021-03-05,2,2,1,1,https://kaamos.ee/hobemetsa/prices/kadaka-tee-191a/korter-29/,2,7,0
102,Korter 30,46.4,4.4,0,2020,2021-03-05,2,2,1,1,https://kaamos.ee/hobemetsa/prices/kadaka-tee-191a/korter-30/,2,7,0
103,Korter 31,45.9,4.5,128900,2020,2021-03-05,1,2,1,1,https://kaamos.ee/hobemetsa/prices/kadaka-tee-191a/korter-31/,2,7,2808.28
104,Korter 32,82.6,4.3,207900,2020,2021-03-05,1,2,1,1,https://kaamos.ee/hobemetsa/prices/kadaka-tee-191a/korter-32/,4,7,2516.95
105,Korter 33,65.1,4.9,176900,2020,2021-03-05,1,2,1,1,https://kaamos.ee/hobemetsa/prices/kadaka-tee-191a/korter-33/,3,7,2717.36
106,Korter 34,45.7,4.9,0,2020,2021-03-05,2,2,1,1,https://kaamos.ee/hobemetsa/prices/kadaka-tee-191a/korter-34/,2,7,0
107,Korter 1,69.8,4.8,0,2020,2021-03-05,3,3,1,1,#,3,2,0
108,Korter 2,66.4,4.8,0,2020,2021-03-05,3,3,1,1,#,3,2,0
109,Korter 3,53.3,4.8,0,2020,2021-03-05,3,3,1,1,#,2,2,0
110,Korter 4,53.5,4.8,0,2020,2021-03-05,2,3,1,1,https://kaamos.ee/hobemetsa/prices/kadaka-tee-191b/korter-4/,2,2,0
111,Korter 5,77.7,40,0,2020,2021-03-05,3,3,1,1,#,4,2,0
112,Korter 6,41.5,4.5,0,2020,2021-03-05,3,3,1,1,#,2,2,0
113,Korter 7,79.3,4.8,0,2020,2021-03-05,3,3,1,1,#,3,3,0
114,Korter 8,66.4,4.8,0,2020,2021-03-05,2,3,1,1,https://kaamos.ee/hobemetsa/prices/kadaka-tee-191b/korter-8/,3,3,0
115,Korter 9,53.3,4.8,0,2020,2021-03-05,3,3,1,1,#,2,3,0
116,Korter 10,53.5,4.8,0,2020,2021-03-05,3,3,1,1,#,2,3,0
117,Korter 11,77.7,4.8,199900,2020,2021-03-05,1,3,1,1,https://kaamos.ee/hobemetsa/prices/kadaka-tee-191b/korter-11/,4,3,2572.72
118,Korter 12,41.5,4.5,0,2020,2021-03-05,3,3,1,1,#,2,3,0
119,Korter 13,79.3,4.8,190900,2020,2021-03-05,1,3,1,1,https://kaamos.ee/hobemetsa/prices/kadaka-tee-191b/korter-13/,3,4,2407.31
120,Korter 14,66.4,4.8,0,2020,2021-03-05,3,3,1,1,#,3,4,0
121,Korter 15,53.3,4.8,141900,2020,2021-03-05,1,3,1,1,https://kaamos.ee/hobemetsa/prices/kadaka-tee-191b/korter-15/,2,4,2662.29
122,Korter 16,53.5,4.8,0,2020,2021-03-05,2,3,1,1,https://kaamos.ee/hobemetsa/prices/kadaka-tee-191b/korter-16/,2,4,0
123,Korter 17,77.7,4.8,202900,2020,2021-03-05,1,3,1,1,https://kaamos.ee/hobemetsa/prices/kadaka-tee-191b/korter-17/,4,4,2611.33
124,Korter 18,41.5,4.5,0,2020,2021-03-05,3,3,1,1,#,2,4,0
125,Korter 19,41,4.5,0,2020,2021-03-05,3,3,1,1,#,2,2,0
126,Korter 20,40.5,50.7,0,2020,2021-03-05,3,3,1,1,#,2,2,0
127,Korter 21,37.3,34.7,0,2020,2021-03-05,3,3,1,1,#,2,2,0
128,Korter 22,53.6,4.8,136900,2020,2021-03-05,1,3,1,1,https://kaamos.ee/hobemetsa/prices/kadaka-tee-191b/korter-22/,2,2,2554.1
129,Korter 23,52.9,4.8,136900,2020,2021-03-05,1,3,1,1,https://kaamos.ee/hobemetsa/prices/kadaka-tee-191b/korter-23/,2,2,2587.9
130,Korter 24,66.2,4.8,169900,2020,2021-03-05,1,3,1,1,https://kaamos.ee/hobemetsa/prices/kadaka-tee-191b/korter-24/,3,2,2566.47
131,Korter 25,69.5,4.8,0,2020,2021-03-05,3,3,1,1,#,3,2,0
132,Korter 26,41,4.5,0,2020,2021-03-05,3,3,1,1,#,2,3,0
133,Korter 27,40.5,6,0,2020,2021-03-05,3,3,1,1,#,2,3,0
134,Korter 28,37.3,4.8,0,2020,2021-03-05,3,3,1,1,#,2,3,0
135,Korter 29,53.6,4.8,138900,2020,2021-03-05,1,3,1,1,https://kaamos.ee/hobemetsa/prices/kadaka-tee-191b/korter-29/,2,3,2591.42
136,Korter 30,52.9,4.8,138900,2020,2021-03-05,1,3,1,1,https://kaamos.ee/hobemetsa/prices/kadaka-tee-191b/korter-30/,2,3,2625.71
137,Korter 31,66.2,4.8,0,2020,2021-03-05,3,3,1,1,#,3,3,0
138,Korter 32,78.8,4.8,0,2020,2021-03-05,3,3,1,1,#,3,3,0
139,Korter 33,41,4.5,0,2020,2021-03-05,3,3,1,1,#,2,4,0
140,Korter 34,40.5,6,0,2020,2021-03-05,2,3,1,1,https://kaamos.ee/hobemetsa/prices/kadaka-tee-191b/korter-34/,2,4,0
141,Korter 35,37.3,4.8,0,2020,2021-03-05,3,3,1,1,#,2,4,0
142,Korter 36,53.6,4.8,0,2020,2021-03-05,3,3,1,1,#,2,4,0
143,Korter 37,52.9,4.8,140900,2020,2021-03-05,1,3,1,1,https://kaamos.ee/hobemetsa/prices/kadaka-tee-191b/korter-37/,2,4,2663.52
144,Korter 38,66.2,4.8,0,2020,2021-03-05,3,3,1,1,#,2,4,0
145,Korter 39,78.8,4.8,0,2020,2021-03-05,3,3,1,1,#,3,4,0
146,Korter 40,41,4.5,0,2020,2021-03-05,3,3,1,1,#,2,5,0
147,Korter 41,40.5,6,0,2020,2021-03-05,3,3,1,1,#,2,5,0
148,Korter 42,37.3,4.8,0,2020,2021-03-05,3,3,1,1,#,2,5,0
149,Korter 43,53.6,4.8,0,2020,2021-03-05,3,3,1,1,#,2,5,0
150,Korter 44,52.9,4.8,143900,2020,2021-03-05,1,3,1,1,https://kaamos.ee/hobemetsa/prices/kadaka-tee-191b/korter-44/,2,5,2720.23
151,Korter 45,66.2,4.8,179900,2020,2021-03-05,1,3,1,1,https://kaamos.ee/hobemetsa/prices/kadaka-tee-191b/korter-45/,3,5,2717.52
152,Korter 46,78.8,4.8,0,2020,2021-03-05,3,3,1,1,#,3,5,0
153,Korter 1,70.4,4.7,0,2020,2021-03-05,3,4,1,1,#,3,2,0
154,Korter 2,62.6,5.6,0,2020,2021-03-05,3,4,1,1,#,3,2,0
155,Korter 3,83.6,5.6,0,2020,2021-03-05,2,4,1,1,https://kaamos.ee/hobemetsa/prices/kadaka-tee-191c/korter-3/,4,2,0
156,Korter 4,45.5,4.8,0,2020,2021-03-05,3,4,1,1,#,2,2,0
157,Korter 5,49.5,4.7,0,2020,2021-03-05,3,4,1,1,#,2,2,0
158,Korter 6,45.8,50.6,0,2020,2021-03-05,3,4,1,1,#,2,2,0
159,Korter 7,61.6,26.9,0,2020,2021-03-05,3,4,1,1,#,3,2,0
160,Korter 8,28.8,4.5,0,2020,2021-03-05,3,4,1,1,#,1,3,0
161,Korter 9,49.1,4.7,0,2020,2021-03-05,3,4,1,1,#,2,3,0
162,Korter 10,62.6,5.6,0,2020,2021-03-05,3,4,1,1,#,3,3,0
163,Korter 11,83.6,5.6,0,2020,2021-03-05,3,4,1,1,#,4,3,0
164,Korter 12,45.5,4.8,0,2020,2021-03-05,3,4,1,1,#,2,3,0
165,Korter 13,49.5,4.7,0,2020,2021-03-05,3,4,1,1,#,2,3,0
166,Korter 14,45.8,5.6,0,2020,2021-03-05,3,4,1,1,#,2,3,0
167,Korter 15,61.6,4.8,0,2020,2021-03-05,3,4,1,1,#,3,3,0
168,Korter 16,28.8,4.5,0,2020,2021-03-05,3,4,1,1,#,1,4,0
169,Korter 17,49.1,4.7,0,2020,2021-03-05,3,4,1,1,#,2,4,0
170,Korter 18,62.6,5.6,0,2020,2021-03-05,3,4,1,1,#,3,4,0
171,Korter 19,83.6,5.6,0,2020,2021-03-05,2,4,1,1,https://kaamos.ee/hobemetsa/prices/kadaka-tee-191c/korter-19/,4,4,0
172,Korter 20,45.5,4.8,0,2020,2021-03-05,3,4,1,1,#,2,4,0
173,Korter 21,49.5,4.7,0,2020,2021-03-05,3,4,1,1,#,2,4,0
174,Korter 22,45.8,5.6,0,2020,2021-03-05,3,4,1,1,#,2,4,0
175,Korter 23,61.6,4.8,0,2020,2021-03-05,3,4,1,1,#,3,4,0
176,Korter 24,78.1,9.2,0,2020,2021-03-05,3,4,1,1,#,4,5,0
177,Korter 25,62.6,5.6,0,2020,2021-03-05,3,4,1,1,#,3,5,0
178,Korter 26,83.6,5.6,0,2020,2021-03-05,3,4,1,1,#,4,5,0
179,Korter 27,45.5,4.8,0,2020,2021-03-05,3,4,1,1,#,2,5,0
180,Korter 28,49.5,4.7,0,2020,2021-03-05,3,4,1,1,#,2,5,0
181,Korter 29,45.8,5.6,0,2020,2021-03-05,3,4,1,1,#,2,5,0
182,Korter 30,61.6,4.8,0,2020,2021-03-05,3,4,1,1,#,3,5,0
183,Korter 1,68.3,14.8,0,2021,2021-03-05,3,5,1,1,#,3,1,0
184,Korter 2,69.2,14.8,0,2021,2021-03-05,2,5,1,1,https://kaamos.ee/vahtramae/prices/iltre-11/korter-2/,3,1,0
185,Korter 3,47.1,13.5,0,2021,2021-03-05,3,5,1,1,#,2,1,0
186,Korter 4,47.2,13.5,0,2021,2021-03-05,2,5,1,1,https://kaamos.ee/vahtramae/prices/iltre-11/korter-4/,2,1,0
187,Korter 5,68.3,6.8,0,2021,2021-03-05,3,5,1,1,#,3,2,0
188,Korter 6,69.2,6.8,0,2021,2021-03-05,3,5,1,1,#,3,2,0
189,Korter 7,46.7,4.1,0,2021,2021-03-05,2,5,1,1,https://kaamos.ee/vahtramae/prices/iltre-11/korter-7/,2,2,0
190,Korter 8,86.7,13.6,0,2021,2021-03-05,3,5,1,1,#,4,2,0
191,Korter 9,47.2,4.1,0,2021,2021-03-05,3,5,1,1,#,2,2,0
192,Korter 10,68.3,6.8,0,2021,2021-03-05,2,5,1,1,https://kaamos.ee/vahtramae/prices/iltre-11/korter-10/,3,3,0
193,Korter 11,69.2,6.8,0,2021,2021-03-05,3,5,1,1,#,3,3,0
194,Korter 12,46.7,4.1,0,2021,2021-03-05,3,5,1,1,#,2,3,0
195,Korter 13,86.7,13.6,0,2021,2021-03-05,3,5,1,1,#,4,3,0
196,Korter 14,47.2,4.1,0,2021,2021-03-05,3,5,1,1,#,2,3,0
197,Korter 1,68.3,14.8,0,2021,2021-03-05,2,6,1,1,https://kaamos.ee/vahtramae/prices/iltre-9/korter-1/,3,1,0
198,Korter 2,69.2,14.8,0,2021,2021-03-05,3,6,1,1,#,3,1,0
199,Korter 3,47.1,13.5,0,2021,2021-03-05,3,6,1,1,#,2,1,0
200,Korter 4,47.2,13.5,0,2021,2021-03-05,3,6,1,1,#,2,1,0
201,Korter 5,68.3,6.8,0,2021,2021-03-05,3,6,1,1,#,3,2,0
202,Korter 6,69.2,6.8,0,2021,2021-03-05,3,6,1,1,#,3,2,0
203,Korter 7,46.7,4.1,0,2021,2021-03-05,3,6,1,1,#,2,2,0
204,Korter 8,86.7,13.6,0,2021,2021-03-05,2,6,1,1,https://kaamos.ee/vahtramae/prices/iltre-9/korter-8/,4,2,0
205,Korter 9,47.2,4.1,0,2021,2021-03-05,3,6,1,1,#,2,2,0
206,Korter 10,68.3,6.8,0,2021,2021-03-05,3,6,1,1,#,3,3,0
207,Korter 11,69.2,6.8,0,2021,2021-03-05,3,6,1,1,#,3,3,0
208,Korter 12,46.7,4.1,0,2021,2021-03-05,3,6,1,1,#,2,3,0
209,Korter 13,86.7,13.6,0,2021,2021-03-05,3,6,1,1,#,4,3,0
210,Korter 14,47.2,4.1,0,2021,2021-03-05,3,6,1,1,#,2,3,0
211,Korter 1,68.3,14.8,0,2021,2021-03-05,3,7,1,1,#,3,1,0
212,Korter 2,69.2,14.8,0,2021,2021-03-05,3,7,1,1,#,3,1,0
213,Korter 3,47.1,13.5,0,2021,2021-03-05,3,7,1,1,#,2,1,0
214,Korter 4,47.2,13.5,0,2021,2021-03-05,3,7,1,1,#,2,1,0
215,Korter 5,68.3,6.8,0,2021,2021-03-05,3,7,1,1,#,3,2,0
216,Korter 6,69.2,6.8,0,2021,2021-03-05,3,7,1,1,#,3,2,0
217,Korter 7,46.7,4.1,0,2021,2021-03-05,3,7,1,1,#,2,2,0
218,Korter 8,86.7,13.6,0,2021,2021-03-05,3,7,1,1,#,4,2,0
219,Korter 9,47.2,4.1,0,2021,2021-03-05,3,7,1,1,#,2,2,0
220,Korter 10,68.3,6.8,154900,2021,2021-03-05,1,7,1,1,https://kaamos.ee/vahtramae/prices/redise-18/korter-10/,3,3,2267.94
221,Korter 11,69.2,6.8,0,2021,2021-03-05,3,7,1,1,#,3,3,0
222,Korter 12,46.7,4.1,0,2021,2021-03-05,3,7,1,1,#,2,3,0
223,Korter 13,86.7,13.6,0,2021,2021-03-05,3,7,1,1,#,4,3,0
224,Korter 14,47.2,4.1,0,2021,2021-03-05,3,7,1,1,#,2,3,0
225,1,64.9,21.1,162900,2021,2021-03-05,1,8,1,1,"",3,1,2510.02
226,2,67.1,21.1,165900,2021,2021-03-05,1,8,1,1,"",3,1,2472.43
227,3,85.1,23.6,203900,2021,2021-03-05,1,8,1,1,"",4,1,2396
228,4,67,42.9,167900,2021,2021-03-05,1,8,1,1,"",3,1,2505.97
229,5,65,9.1,0,2021,2021-03-05,3,8,1,1,"",3,1,0
230,6,42.2,4.6,0,2021,2021-03-05,3,8,1,1,"",2,2,0
231,7,45.8,9.1,0,2021,2021-03-05,3,8,1,1,"",2,2,0
232,8,66.9,9.1,162900,2021,2021-03-05,1,8,1,1,"",3,2,2434.98
233,9,45.5,4.5,0,2021,2021-03-05,3,8,1,1,"",2,2,0
234,10,45.5,4.6,0,2021,2021-03-05,3,8,1,1,"",2,2,0
235,11,67,9.1,162900,2021,2021-03-05,1,8,1,1,"",3,2,2431.34
236,12,88.5,13.7,0,2021,2021-03-05,2,8,1,1,"",4,2,0
237,13,42.2,4.6,0,2021,2021-03-05,3,8,1,1,"",2,3,0
238,14,45.8,9.1,0,2021,2021-03-05,3,8,1,1,"",2,3,0
239,15,66.9,9.1,165900,2021,2021-03-05,1,8,1,1,"",3,3,2479.82
240,16,45.5,4.5,0,2021,2021-03-05,2,8,1,1,"",2,3,0
241,17,45.5,4.6,0,2021,2021-03-05,2,8,1,1,"",2,3,0
242,18,67,9.1,0,2021,2021-03-05,2,8,1,1,"",3,3,0
243,19,88.5,13.7,0,2021,2021-03-05,2,8,1,1,"",4,3,0
244,1,64.9,9.1,163900,2021,2021-03-05,1,9,1,1,"",3,1,2525.42
245,2,67.1,42.9,0,2021,2021-03-05,3,9,1,1,"",3,1,0
246,3,85.1,23.6,203900,2021,2021-03-05,1,9,1,1,"",4,1,2396
247,4,67,21.1,164900,2021,2021-03-05,1,9,1,1,"",3,1,2461.19
248,5,65,21.1,159900,2021,2021-03-05,1,9,1,1,"",3,1,2460
249,6,42.2,4.6,0,2021,2021-03-05,3,9,1,1,"",2,2,0
250,7,45.8,9.1,0,2021,2021-03-05,3,9,1,1,"",2,2,0
251,8,66.9,9.1,163900,2021,2021-03-05,1,9,1,1,"",3,2,2449.93
252,9,45.5,4.5,0,2021,2021-03-05,3,9,1,1,"",2,2,0
253,10,45.5,4.6,0,2021,2021-03-05,3,9,1,1,"",2,2,0
254,11,67,9.1,162900,2021,2021-03-05,1,9,1,1,"",3,2,2431.34
255,12,88.5,13.7,0,2021,2021-03-05,2,9,1,1,"",4,2,0
256,13,42.2,4.6,0,2021,2021-03-05,3,9,1,1,"",2,3,0
257,14,45.8,9.1,0,2021,2021-03-05,3,9,1,1,"",2,3,0
258,15,66.9,9.1,0,2021,2021-03-05,3,9,1,1,"",3,3,0
259,16,45.5,4.5,0,2021,2021-03-05,2,9,1,1,"",2,3,0
260,17,45.5,4.6,0,2021,2021-03-05,2,9,1,1,"",2,3,0
261,18,67,9.1,0,2021,2021-03-05,2,9,1,1,"",3,3,0
262,19,88.5,13.7,0,2021,2021-03-05,2,9,1,1,"",4,3,0
263,1,64.9,9.1,160900,2021,2021-03-05,1,10,1,1,"",3,1,2479.2
264,2,67.1,42.9,0,2021,2021-03-05,3,10,1,1,"",3,1,0
265,3,85.1,23.6,203900,2021,2021-03-05,1,10,1,1,"",4,1,2396
266,4,67,21.1,167900,2021,2021-03-05,1,10,1,1,"",3,1,2505.97
267,5,65,21.1,160900,2021,2021-03-05,1,10,1,1,"",3,1,2475.38
268,6,42.2,4.6,0,2021,2021-03-05,3,10,1,1,"",2,1,0
269,7,45.9,9.1,0,2021,2021-03-05,3,10,1,1,"",2,2,0
270,8,67.1,9.1,160900,2021,2021-03-05,1,10,1,1,"",3,2,2397.91
271,9,45.5,4.5,0,2021,2021-03-05,2,10,1,1,"",2,2,0
272,10,45.5,4.6,0,2021,2021-03-05,3,10,1,1,"",2,2,0
273,11,67,9.1,167900,2021,2021-03-05,1,10,1,1,"",3,2,2505.97
274,12,88.5,13.7,0,2021,2021-03-05,2,10,1,1,"",4,2,0
275,13,42.2,4.6,0,2021,2021-03-05,3,10,1,1,"",2,3,0
276,14,45.9,9.1,0,2021,2021-03-05,3,10,1,1,"",2,3,0
277,15,67.1,9.1,163900,2021,2021-03-05,1,10,1,1,"",3,3,2442.62
278,16,45.5,4.5,0,2021,2021-03-05,2,10,1,1,"",2,3,0
279,17,45.5,4.6,0,2021,2021-03-05,2,10,1,1,"",2,3,0
280,18,67,9.1,167900,2021,2021-03-05,1,10,1,1,"",3,3,2505.97
281,19,88.5,13.7,0,2021,2021-03-05,3,10,1,1,"",4,3,0
282,1,64.9,21.1,0,2021,2021-03-05,3,11,1,1,"",3,1,0
283,2,67.1,21.1,163900,2021,2021-03-05,1,11,1,1,"",3,1,2442.62
284,3,85.1,23.6,203900,2021,2021-03-05,1,11,1,1,"",4,1,2396
285,4,67,42.9,0,2021,2021-03-05,3,11,1,1,"",3,1,0
286,5,65,9.1,0,2021,2021-03-05,2,11,1,1,"",3,1,0
287,6,42.2,4.6,0,2021,2021-03-05,3,11,1,1,"",2,2,0
288,7,45.9,9.1,0,2021,2021-03-05,3,11,1,1,"",2,2,0
289,8,67.1,9.1,160900,2021,2021-03-05,1,11,1,1,"",3,2,2397.91
290,9,45.5,4.5,0,2021,2021-03-05,3,11,1,1,"",2,2,0
291,10,45.5,4.6,0,2021,2021-03-05,3,11,1,1,"",2,2,0
292,11,67,9.1,0,2021,2021-03-05,3,11,1,1,"",3,2,0
293,12,88.5,13.7,0,2021,2021-03-05,3,11,1,1,"",4,2,0
294,13,42.2,4.6,0,2021,2021-03-05,3,11,1,1,"",2,3,0
295,14,45.9,9.1,0,2021,2021-03-05,3,11,1,1,"",2,3,0
296,15,67.1,9.1,163900,2021,2021-03-05,1,11,1,1,"",3,3,2442.62
297,16,45.5,4.5,0,2021,2021-03-05,3,11,1,1,"",2,3,0
298,17,45.5,4.6,0,2021,2021-03-05,2,11,1,1,"",2,3,0
299,18,67,9.1,0,2021,2021-03-05,3,11,1,1,"",3,3,0
300,19,88.5,13.7,0,2021,2021-03-05,3,11,1,1,"",4,3,0
301,1,0,0,0,2021,2021-03-05,3,12,1,1,,1,1,0
302,2,82.2,10,270000,2021,2021-03-05,2,12,1,1,https://kaamos.ee/cityzen/korter/korrus-2/korter-2/,3,2,3284.67
303,3,0,0,0,2021,2021-03-05,3,12,1,1,,2,2,0
304,4,0,0,0,2021,2021-03-05,3,12,1,1,,2,2,0
305,5,0,0,0,2021,2021-03-05,3,12,1,1,,3,2,0
306,6,62.9,4.1,220000,2021,2021-03-05,2,12,1,1,https://kaamos.ee/cityzen/korter/korrus-2/korter-6/,3,2,3497.62
307,7,39.2,4.1,155000,2021,2021-03-05,2,12,1,1,https://kaamos.ee/cityzen/korter/korrus-2/korter-7/,2,2,3954.08
308,8,0,0,0,2021,2021-03-05,3,12,1,1,,2,2,0
309,9,47.7,0,180000,2021,2021-03-05,2,12,1,1,https://kaamos.ee/cityzen/korter/korrus-2/korter-9/,2,2,3773.58
310,10,82.4,10,280000,2021,2021-03-05,2,12,1,1,,4,3,3398.06
311,11,0,0,0,2021,2021-03-05,3,12,1,1,,1,3,0
312,12,0,0,0,2021,2021-03-05,3,12,1,1,,2,3,0
313,13,0,0,0,2021,2021-03-05,3,12,1,1,,3,3,0
314,14,63.3,4.1,240000,2021,2021-03-05,2,12,1,1,https://kaamos.ee/cityzen/korter/korrus-3/korter-14/,3,3,3791.47
315,15,0,0,0,2021,2021-03-05,3,12,1,1,,2,3,0
316,16,0,0,0,2021,2021-03-05,3,12,1,1,,2,3,0
317,17,33.8,10,150000,2021,2021-03-05,2,12,1,1,,1,3,4437.87
318,18,76.4,0,275000,2021,2021-03-05,2,12,1,1,,3,3,3599.48
319,19,39.2,4.1,160000,2021,2021-03-05,2,12,1,1,https://kaamos.ee/cityzen/korter/korrus-3/korter-19/,2,3,4081.63
320,20,0,0,0,2021,2021-03-05,3,12,1,1,,3,4,0
321,21,0,0,0,2021,2021-03-05,3,12,1,1,,1,4,0
322,22,0,0,0,2021,2021-03-05,3,12,1,1,,2,4,0
323,23,66.3,16.3,260000,2021,2021-03-05,2,12,1,1,https://kaamos.ee/cityzen/korter/korrus-4/korter-23/,3,4,3921.57
324,24,63.2,4.1,250000,2021,2021-03-05,2,12,1,1,https://kaamos.ee/cityzen/korter/korrus-4/korter-24/,3,4,3955.7
325,25,34.6,34,155000,2021,2021-03-05,2,12,1,1,https://kaamos.ee/cityzen/korter/korrus-4/korter-25/,1,4,4479.77
326,26,0,0,0,2021,2021-03-05,3,12,1,1,,3,4,0
327,27,0,0,0,2021,2021-03-05,3,12,1,1,,2,4,0
328,28,0,0,0,2021,2021-03-05,3,12,1,1,,2,4,0
329,29,0,0,0,2021,2021-03-05,3,12,1,1,,4,5,0
330,30,0,0,0,2021,2021-03-05,3,12,1,1,,1,5,0
331,31,0,0,0,2021,2021-03-05,3,12,1,1,,2,5,0
332,32,66.3,16.3,270000,2021,2021-03-05,2,12,1,1,https://kaamos.ee/cityzen/korter/korrus-5/korter-32/,3,5,4072.4
333,33,59.8,4.1,225000,2021,2021-03-05,2,12,1,1,https://kaamos.ee/cityzen/korter/korrus-5/korter-33/,2,5,3762.54
334,34,0,0,0,2021,2021-03-05,3,12,1,1,,2,5,0
335,35,0,0,0,2021,2021-03-05,3,12,1,1,,4,5,0
336,36,0,0,0,2021,2021-03-05,3,12,1,1,,4,6,0
337,37,0,0,0,2021,2021-03-05,3,12,1,1,,2,6,0
338,38,7,0,0,2021,2021-03-05,3,12,1,1,,5,6,0
339,39,0,0,0,2021,2021-03-05,3,12,1,1,,3,6,0
340,40,0,0,0,2021,2021-03-05,3,12,1,1,,5,7,0
341,1,44.8,4.3,0,2021,2021-03-05,3,13,1,1,,2,1,0
342,2,45.1,4.7,0,2021,2021-03-05,3,13,1,1,,2,1,0
343,3,63.5,8.9,0,2021,2021-03-05,3,13,1,1,,3,1,0
344,4,63.7,8.9,0,2021,2021-03-05,3,13,1,1,,3,1,0
345,5,45,4.7,0,2021,2021-03-05,3,13,1,1,,2,1,0
346,6,56.5,4.3,0,2021,2021-03-05,3,13,1,1,,3,1,0
347,7,49,4.3,0,2021,2021-03-05,3,13,1,1,,2,2,0
348,8,45.1,4.7,0,2021,2021-03-05,2,13,1,1,,2,2,0
349,9,63.5,8.9,143800,2021,2021-03-05,1,13,1,1,,3,2,2264.57
350,10,63.7,8.9,0,2021,2021-03-05,3,13,1,1,,3,2,0
351,11,45,4.7,0,2021,2021-03-05,3,13,1,1,,2,2,0
352,12,52.5,4.3,0,2021,2021-03-05,3,13,1,1,,3,2,0
353,13,49,4.3,0,2021,2021-03-05,3,13,1,1,,2,3,0
354,14,45.1,4.7,0,2021,2021-03-05,3,13,1,1,,2,3,0
355,15,63.5,8.9,0,2021,2021-03-05,3,13,1,1,,3,3,0
356,16,63.7,8.9,0,2021,2021-03-05,2,13,1,1,,3,3,0
357,17,45,4.7,0,2021,2021-03-05,3,13,1,1,,2,3,0
358,18,52.5,4.3,0,2021,2021-03-05,3,13,1,1,,3,3,0
359,19,49,4.3,0,2021,2021-03-05,3,13,1,1,,2,4,0
360,20,45.1,4.7,0,2021,2021-03-05,3,13,1,1,,2,4,0
361,21,63.5,8.9,0,2021,2021-03-05,3,13,1,1,,3,4,0
362,22,63.7,8.9,0,2021,2021-03-05,3,13,1,1,,3,4,0
363,23,45,4.7,0,2021,2021-03-05,3,13,1,1,,2,4,0
364,24,52.5,4.3,0,2021,2021-03-05,3,13,1,1,,3,4,0
365,25,49.3,4.3,0,2021,2021-03-05,3,13,1,1,,2,5,0
366,26,45.4,4.7,0,2021,2021-03-05,3,13,1,1,,2,5,0
367,27,64,8.9,0,2021,2021-03-05,3,13,1,1,,3,5,0
368,28,64.2,8.9,0,2021,2021-03-05,2,13,1,1,,3,5,0
369,29,45.4,4.7,0,2021,2021-03-05,3,13,1,1,,2,5,0
370,30,53,4.3,0,2021,2021-03-05,3,13,1,1,,3,5,0
371,31,49.3,4.3,0,2021,2021-03-05,3,13,1,1,,2,6,0
372,32,45.4,4.7,0,2021,2021-03-05,3,13,1,1,,2,6,0
373,33,64,8.9,0,2021,2021-03-05,3,13,1,1,,3,6,0
374,34,64.2,8.9,0,2021,2021-03-05,2,13,1,1,,3,6,0
375,35,45.4,4.7,0,2021,2021-03-05,3,13,1,1,,2,6,0
376,36,53,4.3,0,2021,2021-03-05,3,13,1,1,,3,6,0
377,37,49.3,4.3,0,2021,2021-03-05,3,13,1,1,,2,7,0
378,38,45.4,4.7,0,2021,2021-03-05,3,13,1,1,,2,7,0
379,39,64,8.9,0,2021,2021-03-05,3,13,1,1,,3,7,0
380,40,64.2,8.9,0,2021,2021-03-05,3,13,1,1,,3,7,0
381,41,45.4,4.7,0,2021,2021-03-05,3,13,1,1,,2,7,0
382,42,53,4.3,0,2021,2021-03-05,3,13,1,1,,3,7,0
383,43,49.3,4.3,0,2021,2021-03-05,3,13,1,1,,2,8,0
384,44,45.4,4.7,0,2021,2021-03-05,3,13,1,1,,2,8,0
385,45,64,8.9,0,2021,2021-03-05,3,13,1,1,,3,8,0
386,46,64.2,8.9,0,2021,2021-03-05,3,13,1,1,,3,8,0
387,47,45.4,4.7,0,2021,2021-03-05,3,13,1,1,,2,8,0
388,48,53,4.3,0,2021,2021-03-05,3,13,1,1,,3,8,0
389,49,49.3,4.3,0,2021,2021-03-05,3,13,1,1,,2,9,0
390,50,45.4,4.7,0,2021,2021-03-05,3,13,1,1,,2,9,0
391,51,64,8.9,0,2021,2021-03-05,3,13,1,1,,3,9,0
392,52,64.2,8.9,0,2021,2021-03-05,3,13,1,1,,3,9,0
393,53,45.4,4.7,0,2021,2021-03-05,3,13,1,1,,2,9,0
394,54,53,4.3,0,2021,2021-03-05,3,13,1,1,,3,9,0
395,55,49.3,4.3,0,2021,2021-03-05,3,13,1,1,,2,10,0
396,56,45.4,4.7,0,2021,2021-03-05,3,13,1,1,,2,10,0
397,57,64,8.9,0,2021,2021-03-05,3,13,1,1,,3,10,0
398,58,64.2,8.9,0,2021,2021-03-05,3,13,1,1,,3,10,0
399,59,45.4,4.7,0,2021,2021-03-05,3,13,1,1,,2,10,0
400,60,53,4.3,0,2021,2021-03-05,3,13,1,1,,3,10,0
401,61,49.3,4.3,0,2021,2021-03-05,3,13,1,1,,2,11,0
402,62,45.4,4.7,0,2021,2021-03-05,3,13,1,1,,2,11,0
403,63,64,8.9,0,2021,2021-03-05,3,13,1,1,,3,11,0
404,64,64.2,8.9,0,2021,2021-03-05,3,13,1,1,,3,11,0
405,65,45.4,4.7,0,2021,2021-03-05,3,13,1,1,,2,11,0
406,66,53,4.3,0,2021,2021-03-05,3,13,1,1,,3,11,0
407,67,49.3,4.3,0,2021,2021-03-05,3,13,1,1,,2,12,0
408,68,45.4,4.7,0,2021,2021-03-05,3,13,1,1,,2,12,0
409,69,64,8.9,0,2021,2021-03-05,3,13,1,1,,3,12,0
410,70,64.2,8.9,0,2021,2021-03-05,3,13,1,1,,3,12,0
411,71,45.4,4.7,0,2021,2021-03-05,3,13,1,1,,2,12,0
412,72,53,4.3,0,2021,2021-03-05,3,13,1,1,,3,12,0
413,122,65.2,0,0,2020,2021-03-05,3,14,1,1,"",3,3,0
414,123,46.4,0,0,2020,2021-03-05,3,14,1,1,"",2,3,0
415,124,46.2,0,0,2020,2021-03-05,3,14,1,1,"",2,3,0
416,125,43.8,0,0,2020,2021-03-05,3,14,1,1,"",2,3,0
417,126,68,0,0,2020,2021-03-05,3,14,1,1,"",3,3,0
418,127,58.4,0,0,2020,2021-03-05,3,14,1,1,"",2,3,0
419,128,65.3,0,0,2020,2021-03-05,3,14,1,1,"",3,3,0
420,129,65.2,21.5,187300,2020,2021-03-05,1,14,1,1,https://www.jarvetornid.ee/flat/korter-129/,3,4,2872.7
421,130,46.4,8.4,0,2020,2021-03-05,3,14,1,1,"",2,4,0
422,131,90.3,9.4,224300,2020,2021-03-05,1,14,1,1,https://www.jarvetornid.ee/flat/korter-131/,4,4,2483.94
423,132,68,0,174500,2020,2021-03-05,1,14,1,1,https://www.jarvetornid.ee/flat/korter-132/,3,4,2566.18
424,133,58.4,0,151550,2020,2021-03-05,1,14,1,1,https://www.jarvetornid.ee/flat/korter-133/,2,4,2595.03
425,134,65.3,10.8,177500,2020,2021-03-05,1,14,1,1,https://www.jarvetornid.ee/flat/korter-134/,3,4,2718.22
426,135,65.2,10.8,179400,2020,2021-03-05,1,14,1,1,https://www.jarvetornid.ee/flat/korter-135/,3,5,2751.53
427,136,46.4,0,130300,2020,2021-03-05,1,14,1,1,https://www.jarvetornid.ee/flat/korter-136/,2,5,2808.19
428,137,90.3,0,217200,2020,2021-03-05,1,14,1,1,https://www.jarvetornid.ee/flat/korter-137/,4,5,2405.32
429,138,68,9.2,0,2020,2021-03-05,2,14,1,1,"",3,5,0
430,139,58.4,8.4,158200,2020,2021-03-05,1,14,1,1,https://www.jarvetornid.ee/flat/korter-139/,2,5,2708.9
431,140,65.3,21.5,188400,2020,2021-03-05,1,14,1,1,https://www.jarvetornid.ee/flat/korter-140/,3,5,2885.15
432,141,65.2,0,175100,2020,2021-03-05,1,14,1,1,https://www.jarvetornid.ee/flat/korter-141/,3,6,2685.58
433,142,46.4,0,0,2020,2021-03-05,2,14,1,1,"",2,6,0
434,143,90.3,15.9,235300,2020,2021-03-05,1,14,1,1,https://www.jarvetornid.ee/flat/korter-143/,4,6,2605.76
435,144,68,21.7,194800,2020,2021-03-05,1,14,1,1,https://www.jarvetornid.ee/flat/korter-144/,3,6,2864.71
436,145,58.4,8.4,160200,2020,2021-03-05,1,14,1,1,https://www.jarvetornid.ee/flat/korter-145/,2,6,2743.15
437,146,65.3,9.3,181900,2020,2021-03-05,1,14,1,1,https://www.jarvetornid.ee/flat/korter-146/,3,6,2785.6
438,147,65.2,9.2,183800,2020,2021-03-05,1,14,1,1,https://www.jarvetornid.ee/flat/korter-147/,3,7,2819.02
439,148,46.4,8.4,0,2020,2021-03-05,2,14,1,1,"",2,7,0
440,149,90.3,26.7,0,2020,2021-03-05,2,14,1,1,"",4,7,0
441,150,68,10.9,188000,2020,2021-03-05,1,14,1,1,https://www.jarvetornid.ee/flat/korter-150/,3,7,2764.71
442,151,58.4,0,156300,2020,2021-03-05,1,14,1,1,https://www.jarvetornid.ee/flat/korter-151/,2,7,2676.37
443,152,65.3,0,175500,2020,2021-03-05,1,14,1,1,https://www.jarvetornid.ee/flat/korter-152/,3,7,2687.6
444,153,65.2,21.5,194600,2020,2021-03-05,1,14,1,1,https://www.jarvetornid.ee/flat/korter-153/,3,8,2984.66
445,154,46.4,8.4,0,2020,2021-03-05,3,14,1,1,"",2,8,0
446,155,90.3,9.4,256800,2020,2021-03-05,1,14,1,1,https://www.jarvetornid.ee/flat/korter-155/,4,8,2843.85
447,156,68,0,183500,2020,2021-03-05,1,14,1,1,https://www.jarvetornid.ee/flat/korter-156/,3,8,2698.53
448,157,58.4,0,174900,2020,2021-03-05,1,14,1,1,https://www.jarvetornid.ee/flat/korter-157/,2,8,2994.86
449,158,65.3,10.8,186200,2020,2021-03-05,1,14,1,1,https://www.jarvetornid.ee/flat/korter-158/,3,8,2851.45
450,159,65.2,10.8,218500,2020,2021-03-05,1,14,1,1,https://www.jarvetornid.ee/flat/korter-159/,3,9,3351.23
451,160,46.4,0,0,2020,2021-03-05,2,14,1,1,"",2,9,0
452,161,46.1,0,156150,2020,2021-03-05,1,14,1,1,https://www.jarvetornid.ee/flat/korter-161/,2,9,3387.2
453,162,43.7,0,0,2020,2021-03-05,3,14,1,1,"",2,9,0
454,163,68,9.2,192600,2020,2021-03-05,1,14,1,1,https://www.jarvetornid.ee/flat/korter-163/,3,9,2832.35
455,164,58.4,8.4,0,2020,2021-03-05,2,14,1,1,"",2,9,0
456,165,65.3,21.5,197100,2020,2021-03-05,1,14,1,1,https://www.jarvetornid.ee/flat/korter-165/,3,9,3018.38
457,166,65.4,0,184300,2020,2021-03-05,1,14,1,1,https://www.jarvetornid.ee/flat/korter-166/,3,10,2818.04
458,167,46.7,0,138800,2020,2021-03-05,1,14,1,1,https://www.jarvetornid.ee/flat/korter-167/,2,10,2972.16
459,168,46.6,5.8,0,2020,2021-03-05,3,14,1,1,"",2,10,0
460,169,43.8,10.1,0,2020,2021-03-05,3,14,1,1,"",2,10,0
461,170,68.7,21.7,0,2020,2021-03-05,2,14,1,1,"",3,10,0
462,171,58.8,8.4,169000,2020,2021-03-05,1,14,1,1,https://www.jarvetornid.ee/flat/korter-171/,2,10,2874.15
463,172,65.4,9.3,0,2020,2021-03-05,2,14,1,1,"",3,10,0
464,173,65.4,9.2,0,2020,2021-03-05,3,14,1,1,"",3,11,0
465,174,46,8.4,0,2020,2021-03-05,3,14,1,1,"",2,11,0
466,175,46.6,16.6,0,2020,2021-03-05,3,14,1,1,"",2,11,0
467,176,43.8,10.1,0,2020,2021-03-05,3,14,1,1,"",2,11,0
468,177,68.7,10.9,0,2020,2021-03-05,2,14,1,1,"",3,11,0
469,178,58.1,0,163200,2020,2021-03-05,1,14,1,1,https://www.jarvetornid.ee/flat/korter-178/,2,11,2808.95
470,179,65.4,0,186500,2020,2021-03-05,1,14,1,1,https://www.jarvetornid.ee/flat/korter-179/,3,11,2851.68
471,180,65.4,21.5,0,2020,2021-03-05,3,14,1,1,"",3,12,0
472,181,46,8.4,0,2020,2021-03-05,3,14,1,1,"",2,12,0
473,182,46.6,9.3,0,2020,2021-03-05,3,14,1,1,"",2,12,0
474,183,43.8,0,0,2020,2021-03-05,3,14,1,1,"",2,12,0
475,184,68.7,0,194500,2020,2021-03-05,1,14,1,1,https://www.jarvetornid.ee/flat/korter-184/,3,12,2831.15
476,185,58.1,0,165100,2020,2021-03-05,1,14,1,1,https://www.jarvetornid.ee/flat/korter-185/,2,12,2841.65
477,186,65.4,10.8,195200,2020,2021-03-05,1,14,1,1,https://www.jarvetornid.ee/flat/korter-186/,3,12,2984.71
478,187,65.4,10.8,0,2020,2021-03-05,2,14,1,1,"",3,13,0
479,188,46,0,0,2020,2021-03-05,2,14,1,1,"",2,13,0
480,189,46.6,0,0,2020,2021-03-05,3,14,1,1,"",2,13,0
481,190,43.8,0,136100,2020,2021-03-05,1,14,1,1,https://www.jarvetornid.ee/flat/korter-190/,2,13,3107.31
482,191,68.7,9.2,0,2020,2021-03-05,3,14,1,1,"",3,13,0
483,192,58.1,8.4,0,2020,2021-03-05,2,14,1,1,"",2,13,0
484,193,65.4,21.5,0,2020,2021-03-05,3,14,1,1,"",3,13,0
485,194,65.4,0,0,2020,2021-03-05,3,14,1,1,"",3,14,0
486,195,46,0,0,2020,2021-03-05,3,14,1,1,"",2,14,0
487,196,46.6,5.8,0,2020,2021-03-05,3,14,1,1,"",2,14,0
488,197,43.8,10.1,0,2020,2021-03-05,3,14,1,1,"",2,14,0
489,198,68.7,21.7,0,2020,2021-03-05,3,14,1,1,"",3,14,0
490,199,58.1,8.4,174800,2020,2021-03-05,1,14,1,1,https://www.jarvetornid.ee/flat/korter-199/,2,14,3008.61
491,200,65.4,9.3,0,2020,2021-03-05,3,14,1,1,"",3,14,0
492,201,65.4,9.2,0,2020,2021-03-05,3,14,1,1,"",3,15,0
493,202,46,8.4,0,2020,2021-03-05,3,14,1,1,"",2,15,0
494,203,46.6,16.6,0,2020,2021-03-05,3,14,1,1,"",2,15,0
495,204,43.8,10.1,0,2020,2021-03-05,3,14,1,1,"",2,15,0
496,205,68.7,10.9,0,2020,2021-03-05,3,14,1,1,"",3,15,0
497,206,58.1,0,170900,2020,2021-03-05,1,14,1,1,https://www.jarvetornid.ee/flat/korter-206/,2,15,2941.48
498,207,65.4,0,195200,2020,2021-03-05,1,14,1,1,https://www.jarvetornid.ee/flat/korter-207/,3,15,2984.71
499,208,65.4,21.5,0,2020,2021-03-05,3,14,1,1,"",3,16,0
500,209,46,8.4,0,2020,2021-03-05,3,14,1,1,"",2,16,0
501,210,46.6,9.3,0,2020,2021-03-05,3,14,1,1,"",2,16,0
502,211,43.8,0,0,2020,2021-03-05,3,14,1,1,"",2,16,0
503,212,68.7,0,203700,2020,2021-03-05,1,14,1,1,https://www.jarvetornid.ee/flat/korter-212/,3,16,2965.07
504,213,58.1,0,172800,2020,2021-03-05,1,14,1,1,https://www.jarvetornid.ee/flat/korter-213/,2,16,2974.18
505,214,65.4,10.8,0,2020,2021-03-05,3,14,1,1,"",3,16,0
506,215,65.4,10.8,0,2020,2021-03-05,3,14,1,1,"",3,17,0
507,216,46,0,0,2020,2021-03-05,3,14,1,1,"",2,17,0
508,217,46.6,0,0,2020,2021-03-05,3,14,1,1,"",2,17,0
509,218,43.8,0,0,2020,2021-03-05,3,14,1,1,"",2,17,0
510,219,68.7,9.2,0,2020,2021-03-05,3,14,1,1,"",3,17,0
511,220,58.1,8.4,180600,2020,2021-03-05,1,14,1,1,https://www.jarvetornid.ee/flat/korter-220/,2,17,3108.43
512,221,65.4,21.5,0,2020,2021-03-05,3,14,1,1,"",3,17,0
513,222,119.6,0,0,2020,2021-03-05,3,14,1,1,"",4,18,0
514,223,160.9,37.8,0,2020,2021-03-05,3,14,1,1,"",5,18,0
515,224,123.2,17.7,0,2020,2021-03-05,3,14,1,1,"",4,18,0
516,306,194.4,,0,2021,2021-03-05,2,15,6,1,https://www.jarvetornid.ee/wp-content/uploads/2019/02/gr1C-tgM.jpeg,0,0,0
517,307,195.9,,0,2021,2021-03-05,4,15,6,1,https://www.jarvetornid.ee/wp-content/uploads/2019/02/FflFALRF.jpeg,0,0,0
518,308,316.3,,0,2021,2021-03-05,4,15,6,1,https://www.jarvetornid.ee/wp-content/uploads/2019/02/2dQp48K1.jpeg,0,0,0
519,309,281.2,,0,2021,2021-03-05,4,15,6,1,https://www.jarvetornid.ee/wp-content/uploads/2019/02/nyNqiaYF.jpeg,0,0,0
520,310,107.5,,11.4,2021,2021-03-05,5,15,4,1,https://www.jarvetornid.ee/wp-content/uploads/2019/02/h-GErJ8_.jpeg,0,0,11.4
521,311,120,,11.4,2021,2021-03-05,5,15,4,1,https://www.jarvetornid.ee/wp-content/uploads/2019/02/0eXq3xD6.jpeg,0,0,11.4
522,312,123.3,,11.4,2021,2021-03-05,5,15,4,1,https://www.jarvetornid.ee/wp-content/uploads/2019/02/uZapFEV9.jpeg,0,0,11.4
523,313,206.3,,0,2021,2021-03-05,4,15,4,1,https://www.jarvetornid.ee/wp-content/uploads/2019/02/qm9O4KFZ.jpeg,0,0,0
524,314,149.4,,0,2021,2021-03-05,4,15,4,1,https://www.jarvetornid.ee/wp-content/uploads/2019/02/nMopdspi.jpeg,0,0,0
525,315,79.4,,0,2021,2021-03-05,4,15,4,1,https://www.jarvetornid.ee/wp-content/uploads/2019/02/8EaQSceM.jpeg,0,0,0
526,316,87.1,,0,2021,2021-03-05,4,15,4,1,https://www.jarvetornid.ee/wp-content/uploads/2019/02/K0Nd4mz8.jpeg,0,0,0
527,317,111.3,,0,2021,2021-03-05,4,15,4,1,https://www.jarvetornid.ee/wp-content/uploads/2019/02/9lJ3f0RC.jpeg,0,0,0
528,300,70.2,,12,2021,2021-03-05,5,15,6,1,https://www.jarvetornid.ee/wp-content/uploads/2019/02/D1DgO0Ij.jpeg,0,0,12
529,301,124.4,,12,2021,2021-03-05,5,15,6,1,https://www.jarvetornid.ee/wp-content/uploads/2019/02/mz3CfpSg.jpeg,0,0,12
530,302,154,,12,2021,2021-03-05,5,15,6,1,https://www.jarvetornid.ee/wp-content/uploads/2019/02/KY8RyFe2.jpeg,0,0,12
531,1,67.7,,11.4,2021,2021-03-05,5,15,4,1,https://www.jarvetornid.ee/wp-content/uploads/2019/02/fYLCaoUU.jpeg,0,0,11.4
532,2,46.5,,11.4,2021,2021-03-05,5,15,4,1,https://www.jarvetornid.ee/wp-content/uploads/2019/02/nim2IO9a.jpeg,0,0,11.4
533,3,91.1,,11.4,2021,2021-03-05,5,15,4,1,https://www.jarvetornid.ee/wp-content/uploads/2019/02/Huiqza95.jpeg,0,0,11.4
534,4,80.4,,11.4,2021,2021-03-05,5,15,4,1,https://www.jarvetornid.ee/wp-content/uploads/2019/02/0fW1HETB-1.jpeg,0,0,11.4
535,5,95.1,,0,2021,2021-03-05,4,15,4,1,https://www.jarvetornid.ee/wp-content/uploads/2019/02/0-nBjyv5-1.jpeg,0,0,0
536,303,153.1,,0,2021,2021-03-05,4,15,6,1,https://www.jarvetornid.ee/wp-content/uploads/2019/02/k9Zyim13.jpeg,0,0,0
537,304,65.4,,0,2021,2021-03-05,4,15,6,1,https://www.jarvetornid.ee/wp-content/uploads/2019/02/dFmMOV0B.jpeg,0,0,0
538,305,121.4,,0,2021,2021-03-05,4,15,6,1,https://www.jarvetornid.ee/wp-content/uploads/2019/02/G3TDqvcL.jpeg,0,0,0
539,115,123.5,,0,2021,2021-03-05,4,15,4,1,https://www.jarvetornid.ee/wp-content/uploads/2019/02/qghfs2sP.jpeg,0,0,0
540,117,167.2,,11.4,2021,2021-03-05,5,15,4,1,https://www.jarvetornid.ee/wp-content/uploads/2019/02/wPvcfTzf.jpeg,0,0,11.4
541,120,58.2,,0,2021,2021-03-05,4,15,4,1,https://www.jarvetornid.ee/wp-content/uploads/2019/02/FO_ihmwu.jpeg,0,0,0
542,121,55.6,,11.4,2021,2021-03-05,5,15,4,1,https://www.jarvetornid.ee/wp-content/uploads/2019/02/bBiGJIOR.jpeg,0,0,11.4
543,1,43.7,13.4,83500,2020,2021-03-05,1,16,1,1,https://kehra-aia.kinnisvaravahendus.ee/hinnad-ja-plaanid/korter-1/,2,1,1910.76
544,2,56.7,17.3,96000,2020,2021-03-05,1,16,1,1,https://kehra-aia.kinnisvaravahendus.ee/hinnad-ja-plaanid/korter-2/,3,1,1693.12
545,3,25,18.4,0,2020,2021-03-05,2,16,1,1,https://kehra-aia.kinnisvaravahendus.ee/hinnad-ja-plaanid/korter-3/,1,1,0
546,4,56.7,17.3,96000,2020,2021-03-05,1,16,1,1,https://kehra-aia.kinnisvaravahendus.ee/hinnad-ja-plaanid/korter-4/,3,1,1693.12
547,5,42,13.4,82900,2020,2021-03-05,1,16,1,1,https://kehra-aia.kinnisvaravahendus.ee/hinnad-ja-plaanid/korter-5/,2,1,1973.81
548,6,43.7,9.8,0,2020,2021-03-05,2,16,1,1,https://kehra-aia.kinnisvaravahendus.ee/hinnad-ja-plaanid/korter-6/,2,2,0
549,7,56.7,9.8,96000,2020,2021-03-05,1,16,1,1,https://kehra-aia.kinnisvaravahendus.ee/hinnad-ja-plaanid/korter-7/,3,2,1693.12
550,8,55.8,4.3,95000,2020,2021-03-05,1,16,1,1,https://kehra-aia.kinnisvaravahendus.ee/hinnad-ja-plaanid/korter-8/,3,2,1702.51
551,9,56.7,9.8,96000,2020,2021-03-05,1,16,1,1,https://kehra-aia.kinnisvaravahendus.ee/hinnad-ja-plaanid/korter-9/,3,2,1693.12
552,10,46.3,9.8,84500,2020,2021-03-05,1,16,1,1,https://kehra-aia.kinnisvaravahendus.ee/hinnad-ja-plaanid/korter-10/,2,2,1825.05
553,11,43.7,9.8,83500,2020,2021-03-05,1,16,1,1,https://kehra-aia.kinnisvaravahendus.ee/hinnad-ja-plaanid/korter-11/,2,3,1910.76
554,12,56.7,9.8,96000,2020,2021-03-05,1,16,1,1,https://kehra-aia.kinnisvaravahendus.ee/hinnad-ja-plaanid/korter-12/,3,3,1693.12
555,13,40.7,4.3,81500,2020,2021-03-05,1,16,1,1,https://kehra-aia.kinnisvaravahendus.ee/hinnad-ja-plaanid/korter-13/,2,3,2002.46
556,14,72,9.8,125500,2020,2021-03-05,1,16,1,1,https://kehra-aia.kinnisvaravahendus.ee/hinnad-ja-plaanid/korter-14/,4,3,1743.06
557,15,46.3,9.8,84500,2020,2021-03-05,1,16,1,1,https://kehra-aia.kinnisvaravahendus.ee/hinnad-ja-plaanid/korter-15/,2,3,1825.05
